run,cap_bps,breach_lending,breach_liquid_staking,breach_any,breach_rate
rule_based,0,136,136,136,1.0
rule_based,25,136,136,136,1.0
rule_based,50,136,136,136,1.0
rule_based,75,136,136,136,1.0
rule_based,100,136,136,136,1.0
rule_based,125,136,136,136,1.0
rule_based,150,136,136,136,1.0
rule_based,175,136,136,136,1.0
rule_based,200,136,136,136,1.0
rule_based,225,136,136,136,1.0
rule_based,250,136,136,136,1.0
rule_based,275,136,136,136,1.0
rule_based,300,136,136,136,1.0
rule_based,325,136,136,136,1.0
rule_based,350,136,136,136,1.0
rule_based,375,136,136,136,1.0
rule_based,400,136,136,136,1.0
rule_based,425,136,136,136,1.0
rule_based,450,136,136,136,1.0
rule_based,475,136,136,136,1.0
rule_based,500,136,136,136,1.0
rule_based,525,136,136,136,1.0
rule_based,550,136,136,136,1.0
rule_based,575,136,136,136,1.0
rule_based,600,136,136,136,1.0
rule_based,625,136,136,136,1.0
rule_based,650,136,136,136,1.0
rule_based,675,136,136,136,1.0
rule_based,700,136,136,136,1.0
rule_based,725,136,136,136,1.0
rule_based,750,136,136,136,1.0
rule_based,775,136,136,136,1.0
rule_based,800,136,136,136,1.0
rule_based,825,136,136,136,1.0
rule_based,850,136,136,136,1.0
rule_based,875,136,136,136,1.0
rule_based,900,136,136,136,1.0
rule_based,925,136,136,136,1.0
rule_based,950,136,136,136,1.0
rule_based,975,136,136,136,1.0
rule_based,1000,136,136,136,1.0
rule_based,1025,136,136,136,1.0
rule_based,1050,136,136,136,1.0
rule_based,1075,136,136,136,1.0
rule_based,1100,136,136,136,1.0
rule_based,1125,136,136,136,1.0
rule_based,1150,136,136,136,1.0
rule_based,1175,136,136,136,1.0
rule_based,1200,136,136,136,1.0
rule_based,1225,136,136,136,1.0
rule_based,1250,136,136,136,1.0
rule_based,1275,136,136,136,1.0
rule_based,1300,136,136,136,1.0
rule_based,1325,136,136,136,1.0
rule_based,1350,136,136,136,1.0
rule_based,1375,136,136,136,1.0
rule_based,1400,136,136,136,1.0
rule_based,1425,136,136,136,1.0
rule_based,1450,136,136,136,1.0
rule_based,1475,136,136,136,1.0
rule_based,1500,136,136,136,1.0
rule_based,1525,136,136,136,1.0
rule_based,1550,136,136,136,1.0
rule_based,1575,136,136,136,1.0
rule_based,1600,136,136,136,1.0
rule_based,1625,136,136,136,1.0
rule_based,1650,136,136,136,1.0
rule_based,1675,136,136,136,1.0
rule_based,1700,136,136,136,1.0
rule_based,1725,136,136,136,1.0
rule_based,1750,136,136,136,1.0
rule_based,1775,136,136,136,1.0
rule_based,1800,136,136,136,1.0
rule_based,1825,136,136,136,1.0
rule_based,1850,136,136,136,1.0
rule_based,1875,136,136,136,1.0
rule_based,1900,136,136,136,1.0
rule_based,1925,136,136,136,1.0
rule_based,1950,136,136,136,1.0
rule_based,1975,136,136,136,1.0
rule_based,2000,136,136,136,1.0
rule_based,2025,136,136,136,1.0
rule_based,2050,136,136,136,1.0
rule_based,2075,136,136,136,1.0
rule_based,2100,136,136,136,1.0
rule_based,2125,136,136,136,1.0
rule_based,2150,136,136,136,1.0
rule_based,2175,136,136,136,1.0
rule_based,2200,136,136,136,1.0
rule_based,2225,136,136,136,1.0
rule_based,2250,136,136,136,1.0
rule_based,2275,136,136,136,1.0
rule_based,2300,136,136,136,1.0
rule_based,2325,136,136,136,1.0
rule_based,2350,136,136,136,1.0
rule_based,2375,136,136,136,1.0
rule_based,2400,136,136,136,1.0
rule_based,2425,136,136,136,1.0
rule_based,2450,136,136,136,1.0
rule_based,2475,136,136,136,1.0
rule_based,2500,136,136,136,1.0
rule_based,2525,136,136,136,1.0
rule_based,2550,136,136,136,1.0
rule_based,2575,136,136,136,1.0
rule_based,2600,136,136,136,1.0
rule_based,2625,136,136,136,1.0
rule_based,2650,136,136,136,1.0
rule_based,2675,136,136,136,1.0
rule_based,2700,136,136,136,1.0
rule_based,2725,136,136,136,1.0
rule_based,2750,136,136,136,1.0
rule_based,2775,136,136,136,1.0
rule_based,2800,136,136,136,1.0
rule_based,2825,136,136,136,1.0
rule_based,2850,136,136,136,1.0
rule_based,2875,136,136,136,1.0
rule_based,2900,136,136,136,1.0
rule_based,2925,136,136,136,1.0
rule_based,2950,136,136,136,1.0
rule_based,2975,136,136,136,1.0
rule_based,3000,136,136,136,1.0
rule_based,3025,136,136,136,1.0
rule_based,3050,136,136,136,1.0
rule_based,3075,136,136,136,1.0
rule_based,3100,136,136,136,1.0
rule_based,3125,136,136,136,1.0
rule_based,3150,136,136,136,1.0
rule_based,3175,135,136,136,1.0
rule_based,3200,135,136,136,1.0
rule_based,3225,135,136,136,1.0
rule_based,3250,135,136,136,1.0
rule_based,3275,135,136,136,1.0
rule_based,3300,135,136,136,1.0
rule_based,3325,135,136,136,1.0
rule_based,3350,135,136,136,1.0
rule_based,3375,135,136,136,1.0
rule_based,3400,135,136,136,1.0
rule_based,3425,135,136,136,1.0
rule_based,3450,134,136,136,1.0
rule_based,3475,134,136,136,1.0
rule_based,3500,134,136,136,1.0
rule_based,3525,132,136,136,1.0
rule_based,3550,132,136,136,1.0
rule_based,3575,131,136,136,1.0
rule_based,3600,128,136,136,1.0
rule_based,3625,125,136,136,1.0
rule_based,3650,123,136,136,1.0
rule_based,3675,121,136,136,1.0
rule_based,3700,120,136,136,1.0
rule_based,3725,118,136,136,1.0
rule_based,3750,118,136,136,1.0
rule_based,3775,116,136,136,1.0
rule_based,3800,114,136,136,1.0
rule_based,3825,111,136,136,1.0
rule_based,3850,110,136,136,1.0
rule_based,3875,106,136,136,1.0
rule_based,3900,102,136,136,1.0
rule_based,3925,101,136,136,1.0
rule_based,3950,98,136,136,1.0
rule_based,3975,97,136,136,1.0
rule_based,4000,96,136,136,1.0
rule_based,4025,95,136,136,1.0
rule_based,4050,94,136,136,1.0
rule_based,4075,91,136,136,1.0
rule_based,4100,87,136,136,1.0
rule_based,4125,84,136,136,1.0
rule_based,4150,82,136,136,1.0
rule_based,4175,78,136,136,1.0
rule_based,4200,75,136,136,1.0
rule_based,4225,72,136,136,1.0
rule_based,4250,70,136,136,1.0
rule_based,4275,67,136,136,1.0
rule_based,4300,64,136,136,1.0
rule_based,4325,60,136,136,1.0
rule_based,4350,55,136,136,1.0
rule_based,4375,51,136,136,1.0
rule_based,4400,50,136,136,1.0
rule_based,4425,47,136,136,1.0
rule_based,4450,43,136,136,1.0
rule_based,4475,41,136,136,1.0
rule_based,4500,40,136,136,1.0
rule_based,4525,37,136,136,1.0
rule_based,4550,33,136,136,1.0
rule_based,4575,30,136,136,1.0
rule_based,4600,27,136,136,1.0
rule_based,4625,26,136,136,1.0
rule_based,4650,23,136,136,1.0
rule_based,4675,21,136,136,1.0
rule_based,4700,17,136,136,1.0
rule_based,4725,14,136,136,1.0
rule_based,4750,12,136,136,1.0
rule_based,4775,12,136,136,1.0
rule_based,4800,11,136,136,1.0
rule_based,4825,10,136,136,1.0
rule_based,4850,6,136,136,1.0
rule_based,4875,4,136,136,1.0
rule_based,4900,3,136,136,1.0
rule_based,4925,3,136,136,1.0
rule_based,4950,3,136,136,1.0
rule_based,4975,3,134,136,1.0
rule_based,5000,2,134,136,1.0
rule_based,5025,2,133,135,0.9926470588235294
rule_based,5050,0,133,133,0.9779411764705882
rule_based,5075,0,133,133,0.9779411764705882
rule_based,5100,0,133,133,0.9779411764705882
rule_based,5125,0,132,132,0.9705882352941176
rule_based,5150,0,130,130,0.9558823529411765
rule_based,5175,0,126,126,0.9264705882352942
rule_based,5200,0,125,125,0.9191176470588235
rule_based,5225,0,124,124,0.9117647058823529
rule_based,5250,0,124,124,0.9117647058823529
rule_based,5275,0,122,122,0.8970588235294118
rule_based,5300,0,119,119,0.875
rule_based,5325,0,115,115,0.8455882352941176
rule_based,5350,0,113,113,0.8308823529411765
rule_based,5375,0,110,110,0.8088235294117647
rule_based,5400,0,109,109,0.8014705882352942
rule_based,5425,0,105,105,0.7720588235294118
rule_based,5450,0,102,102,0.75
rule_based,5475,0,99,99,0.7279411764705882
rule_based,5500,0,96,96,0.7058823529411765
rule_based,5525,0,95,95,0.6985294117647058
rule_based,5550,0,93,93,0.6838235294117647
rule_based,5575,0,88,88,0.6470588235294118
rule_based,5600,0,85,85,0.625
rule_based,5625,0,85,85,0.625
rule_based,5650,0,81,81,0.5955882352941176
rule_based,5675,0,76,76,0.5588235294117647
rule_based,5700,0,72,72,0.5294117647058824
rule_based,5725,0,69,69,0.5073529411764706
rule_based,5750,0,66,66,0.4852941176470588
rule_based,5775,0,64,64,0.47058823529411764
rule_based,5800,0,61,61,0.4485294117647059
rule_based,5825,0,57,57,0.41911764705882354
rule_based,5850,0,54,54,0.39705882352941174
rule_based,5875,0,52,52,0.38235294117647056
rule_based,5900,0,49,49,0.3602941176470588
rule_based,5925,0,45,45,0.33088235294117646
rule_based,5950,0,42,42,0.3088235294117647
rule_based,5975,0,41,41,0.3014705882352941
rule_based,6000,0,40,40,0.29411764705882354
rule_based,6025,0,39,39,0.2867647058823529
rule_based,6050,0,38,38,0.27941176470588236
rule_based,6075,0,35,35,0.25735294117647056
rule_based,6100,0,34,34,0.25
rule_based,6125,0,30,30,0.22058823529411764
rule_based,6150,0,26,26,0.19117647058823528
rule_based,6175,0,25,25,0.18382352941176472
rule_based,6200,0,22,22,0.16176470588235295
rule_based,6225,0,20,20,0.14705882352941177
rule_based,6250,0,18,18,0.1323529411764706
rule_based,6275,0,18,18,0.1323529411764706
rule_based,6300,0,16,16,0.11764705882352941
rule_based,6325,0,15,15,0.11029411764705882
rule_based,6350,0,13,13,0.09558823529411764
rule_based,6375,0,11,11,0.08088235294117647
rule_based,6400,0,8,8,0.058823529411764705
rule_based,6425,0,5,5,0.03676470588235294
rule_based,6450,0,4,4,0.029411764705882353
rule_based,6475,0,4,4,0.029411764705882353
rule_based,6500,0,2,2,0.014705882352941176
rule_based,6525,0,2,2,0.014705882352941176
rule_based,6550,0,2,2,0.014705882352941176
rule_based,6575,0,1,1,0.007352941176470588
rule_based,6600,0,1,1,0.007352941176470588
rule_based,6625,0,1,1,0.007352941176470588
rule_based,6650,0,1,1,0.007352941176470588
rule_based,6675,0,1,1,0.007352941176470588
rule_based,6700,0,1,1,0.007352941176470588
rule_based,6725,0,1,1,0.007352941176470588
rule_based,6750,0,1,1,0.007352941176470588
rule_based,6775,0,1,1,0.007352941176470588
rule_based,6800,0,1,1,0.007352941176470588
rule_based,6825,0,1,1,0.007352941176470588
rule_based,6850,0,0,0,0.0
rule_based,6875,0,0,0,0.0
rule_based,6900,0,0,0,0.0
rule_based,6925,0,0,0,0.0
rule_based,6950,0,0,0,0.0
rule_based,6975,0,0,0,0.0
rule_based,7000,0,0,0,0.0
rule_based,7025,0,0,0,0.0
rule_based,7050,0,0,0,0.0
rule_based,7075,0,0,0,0.0
rule_based,7100,0,0,0,0.0
rule_based,7125,0,0,0,0.0
rule_based,7150,0,0,0,0.0
rule_based,7175,0,0,0,0.0
rule_based,7200,0,0,0,0.0
rule_based,7225,0,0,0,0.0
rule_based,7250,0,0,0,0.0
rule_based,7275,0,0,0,0.0
rule_based,7300,0,0,0,0.0
rule_based,7325,0,0,0,0.0
rule_based,7350,0,0,0,0.0
rule_based,7375,0,0,0,0.0
rule_based,7400,0,0,0,0.0
rule_based,7425,0,0,0,0.0
rule_based,7450,0,0,0,0.0
rule_based,7475,0,0,0,0.0
rule_based,7500,0,0,0,0.0
rule_based,7525,0,0,0,0.0
rule_based,7550,0,0,0,0.0
rule_based,7575,0,0,0,0.0
rule_based,7600,0,0,0,0.0
rule_based,7625,0,0,0,0.0
rule_based,7650,0,0,0,0.0
rule_based,7675,0,0,0,0.0
rule_based,7700,0,0,0,0.0
rule_based,7725,0,0,0,0.0
rule_based,7750,0,0,0,0.0
rule_based,7775,0,0,0,0.0
rule_based,7800,0,0,0,0.0
rule_based,7825,0,0,0,0.0
rule_based,7850,0,0,0,0.0
rule_based,7875,0,0,0,0.0
rule_based,7900,0,0,0,0.0
rule_based,7925,0,0,0,0.0
rule_based,7950,0,0,0,0.0
rule_based,7975,0,0,0,0.0
rule_based,8000,0,0,0,0.0
rule_based,8025,0,0,0,0.0
rule_based,8050,0,0,0,0.0
rule_based,8075,0,0,0,0.0
rule_based,8100,0,0,0,0.0
rule_based,8125,0,0,0,0.0
rule_based,8150,0,0,0,0.0
rule_based,8175,0,0,0,0.0
rule_based,8200,0,0,0,0.0
rule_based,8225,0,0,0,0.0
rule_based,8250,0,0,0,0.0
rule_based,8275,0,0,0,0.0
rule_based,8300,0,0,0,0.0
rule_based,8325,0,0,0,0.0
rule_based,8350,0,0,0,0.0
rule_based,8375,0,0,0,0.0
rule_based,8400,0,0,0,0.0
rule_based,8425,0,0,0,0.0
rule_based,8450,0,0,0,0.0
rule_based,8475,0,0,0,0.0
rule_based,8500,0,0,0,0.0
rule_based,8525,0,0,0,0.0
rule_based,8550,0,0,0,0.0
rule_based,8575,0,0,0,0.0
rule_based,8600,0,0,0,0.0
rule_based,8625,0,0,0,0.0
rule_based,8650,0,0,0,0.0
rule_based,8675,0,0,0,0.0
rule_based,8700,0,0,0,0.0
rule_based,8725,0,0,0,0.0
rule_based,8750,0,0,0,0.0
rule_based,8775,0,0,0,0.0
rule_based,8800,0,0,0,0.0
rule_based,8825,0,0,0,0.0
rule_based,8850,0,0,0,0.0
rule_based,8875,0,0,0,0.0
rule_based,8900,0,0,0,0.0
rule_based,8925,0,0,0,0.0
rule_based,8950,0,0,0,0.0
rule_based,8975,0,0,0,0.0
rule_based,9000,0,0,0,0.0
rule_based,9025,0,0,0,0.0
rule_based,9050,0,0,0,0.0
rule_based,9075,0,0,0,0.0
rule_based,9100,0,0,0,0.0
rule_based,9125,0,0,0,0.0
rule_based,9150,0,0,0,0.0
rule_based,9175,0,0,0,0.0
rule_based,9200,0,0,0,0.0
rule_based,9225,0,0,0,0.0
rule_based,9250,0,0,0,0.0
rule_based,9275,0,0,0,0.0
rule_based,9300,0,0,0,0.0
rule_based,9325,0,0,0,0.0
rule_based,9350,0,0,0,0.0
rule_based,9375,0,0,0,0.0
rule_based,9400,0,0,0,0.0
rule_based,9425,0,0,0,0.0
rule_based,9450,0,0,0,0.0
rule_based,9475,0,0,0,0.0
rule_based,9500,0,0,0,0.0
rule_based,9525,0,0,0,0.0
rule_based,9550,0,0,0,0.0
rule_based,9575,0,0,0,0.0
rule_based,9600,0,0,0,0.0
rule_based,9625,0,0,0,0.0
rule_based,9650,0,0,0,0.0
rule_based,9675,0,0,0,0.0
rule_based,9700,0,0,0,0.0
rule_based,9725,0,0,0,0.0
rule_based,9750,0,0,0,0.0
rule_based,9775,0,0,0,0.0
rule_based,9800,0,0,0,0.0
rule_based,9825,0,0,0,0.0
rule_based,9850,0,0,0,0.0
rule_based,9875,0,0,0,0.0
rule_based,9900,0,0,0,0.0
rule_based,9925,0,0,0,0.0
rule_based,9950,0,0,0,0.0
rule_based,9975,0,0,0,0.0
rule_based,10000,0,0,0,0.0
mean_variance,0,136,114,136,1.0
mean_variance,25,136,105,136,1.0
mean_variance,50,136,85,136,1.0
mean_variance,75,136,59,136,1.0
mean_variance,100,136,49,136,1.0
mean_variance,125,136,42,136,1.0
mean_variance,150,136,34,136,1.0
mean_variance,175,136,22,136,1.0
mean_variance,200,136,15,136,1.0
mean_variance,225,136,10,136,1.0
mean_variance,250,136,7,136,1.0
mean_variance,275,136,6,136,1.0
mean_variance,300,136,4,136,1.0
mean_variance,325,136,1,136,1.0
mean_variance,350,136,1,136,1.0
mean_variance,375,136,1,136,1.0
mean_variance,400,136,1,136,1.0
mean_variance,425,136,0,136,1.0
mean_variance,450,136,0,136,1.0
mean_variance,475,136,0,136,1.0
mean_variance,500,136,0,136,1.0
mean_variance,525,136,0,136,1.0
mean_variance,550,136,0,136,1.0
mean_variance,575,136,0,136,1.0
mean_variance,600,136,0,136,1.0
mean_variance,625,136,0,136,1.0
mean_variance,650,136,0,136,1.0
mean_variance,675,136,0,136,1.0
mean_variance,700,136,0,136,1.0
mean_variance,725,136,0,136,1.0
mean_variance,750,136,0,136,1.0
mean_variance,775,136,0,136,1.0
mean_variance,800,136,0,136,1.0
mean_variance,825,136,0,136,1.0
mean_variance,850,136,0,136,1.0
mean_variance,875,136,0,136,1.0
mean_variance,900,136,0,136,1.0
mean_variance,925,136,0,136,1.0
mean_variance,950,136,0,136,1.0
mean_variance,975,136,0,136,1.0
mean_variance,1000,136,0,136,1.0
mean_variance,1025,136,0,136,1.0
mean_variance,1050,136,0,136,1.0
mean_variance,1075,136,0,136,1.0
mean_variance,1100,136,0,136,1.0
mean_variance,1125,136,0,136,1.0
mean_variance,1150,136,0,136,1.0
mean_variance,1175,136,0,136,1.0
mean_variance,1200,136,0,136,1.0
mean_variance,1225,136,0,136,1.0
mean_variance,1250,136,0,136,1.0
mean_variance,1275,136,0,136,1.0
mean_variance,1300,136,0,136,1.0
mean_variance,1325,136,0,136,1.0
mean_variance,1350,136,0,136,1.0
mean_variance,1375,136,0,136,1.0
mean_variance,1400,136,0,136,1.0
mean_variance,1425,136,0,136,1.0
mean_variance,1450,136,0,136,1.0
mean_variance,1475,136,0,136,1.0
mean_variance,1500,136,0,136,1.0
mean_variance,1525,136,0,136,1.0
mean_variance,1550,136,0,136,1.0
mean_variance,1575,136,0,136,1.0
mean_variance,1600,136,0,136,1.0
mean_variance,1625,136,0,136,1.0
mean_variance,1650,136,0,136,1.0
mean_variance,1675,136,0,136,1.0
mean_variance,1700,136,0,136,1.0
mean_variance,1725,136,0,136,1.0
mean_variance,1750,136,0,136,1.0
mean_variance,1775,136,0,136,1.0
mean_variance,1800,136,0,136,1.0
mean_variance,1825,136,0,136,1.0
mean_variance,1850,136,0,136,1.0
mean_variance,1875,136,0,136,1.0
mean_variance,1900,136,0,136,1.0
mean_variance,1925,136,0,136,1.0
mean_variance,1950,136,0,136,1.0
mean_variance,1975,136,0,136,1.0
mean_variance,2000,136,0,136,1.0
mean_variance,2025,136,0,136,1.0
mean_variance,2050,136,0,136,1.0
mean_variance,2075,136,0,136,1.0
mean_variance,2100,136,0,136,1.0
mean_variance,2125,136,0,136,1.0
mean_variance,2150,136,0,136,1.0
mean_variance,2175,136,0,136,1.0
mean_variance,2200,136,0,136,1.0
mean_variance,2225,136,0,136,1.0
mean_variance,2250,136,0,136,1.0
mean_variance,2275,136,0,136,1.0
mean_variance,2300,136,0,136,1.0
mean_variance,2325,136,0,136,1.0
mean_variance,2350,136,0,136,1.0
mean_variance,2375,136,0,136,1.0
mean_variance,2400,136,0,136,1.0
mean_variance,2425,136,0,136,1.0
mean_variance,2450,136,0,136,1.0
mean_variance,2475,136,0,136,1.0
mean_variance,2500,136,0,136,1.0
mean_variance,2525,136,0,136,1.0
mean_variance,2550,136,0,136,1.0
mean_variance,2575,136,0,136,1.0
mean_variance,2600,136,0,136,1.0
mean_variance,2625,136,0,136,1.0
mean_variance,2650,136,0,136,1.0
mean_variance,2675,136,0,136,1.0
mean_variance,2700,136,0,136,1.0
mean_variance,2725,136,0,136,1.0
mean_variance,2750,136,0,136,1.0
mean_variance,2775,136,0,136,1.0
mean_variance,2800,136,0,136,1.0
mean_variance,2825,136,0,136,1.0
mean_variance,2850,136,0,136,1.0
mean_variance,2875,136,0,136,1.0
mean_variance,2900,136,0,136,1.0
mean_variance,2925,136,0,136,1.0
mean_variance,2950,136,0,136,1.0
mean_variance,2975,136,0,136,1.0
mean_variance,3000,136,0,136,1.0
mean_variance,3025,136,0,136,1.0
mean_variance,3050,136,0,136,1.0
mean_variance,3075,136,0,136,1.0
mean_variance,3100,136,0,136,1.0
mean_variance,3125,136,0,136,1.0
mean_variance,3150,136,0,136,1.0
mean_variance,3175,136,0,136,1.0
mean_variance,3200,136,0,136,1.0
mean_variance,3225,136,0,136,1.0
mean_variance,3250,136,0,136,1.0
mean_variance,3275,136,0,136,1.0
mean_variance,3300,136,0,136,1.0
mean_variance,3325,136,0,136,1.0
mean_variance,3350,136,0,136,1.0
mean_variance,3375,136,0,136,1.0
mean_variance,3400,136,0,136,1.0
mean_variance,3425,136,0,136,1.0
mean_variance,3450,136,0,136,1.0
mean_variance,3475,136,0,136,1.0
mean_variance,3500,136,0,136,1.0
mean_variance,3525,136,0,136,1.0
mean_variance,3550,136,0,136,1.0
mean_variance,3575,136,0,136,1.0
mean_variance,3600,136,0,136,1.0
mean_variance,3625,136,0,136,1.0
mean_variance,3650,136,0,136,1.0
mean_variance,3675,136,0,136,1.0
mean_variance,3700,136,0,136,1.0
mean_variance,3725,136,0,136,1.0
mean_variance,3750,136,0,136,1.0
mean_variance,3775,136,0,136,1.0
mean_variance,3800,136,0,136,1.0
mean_variance,3825,136,0,136,1.0
mean_variance,3850,136,0,136,1.0
mean_variance,3875,136,0,136,1.0
mean_variance,3900,136,0,136,1.0
mean_variance,3925,136,0,136,1.0
mean_variance,3950,136,0,136,1.0
mean_variance,3975,136,0,136,1.0
mean_variance,4000,136,0,136,1.0
mean_variance,4025,136,0,136,1.0
mean_variance,4050,136,0,136,1.0
mean_variance,4075,136,0,136,1.0
mean_variance,4100,136,0,136,1.0
mean_variance,4125,136,0,136,1.0
mean_variance,4150,136,0,136,1.0
mean_variance,4175,136,0,136,1.0
mean_variance,4200,136,0,136,1.0
mean_variance,4225,136,0,136,1.0
mean_variance,4250,136,0,136,1.0
mean_variance,4275,136,0,136,1.0
mean_variance,4300,136,0,136,1.0
mean_variance,4325,136,0,136,1.0
mean_variance,4350,136,0,136,1.0
mean_variance,4375,136,0,136,1.0
mean_variance,4400,136,0,136,1.0
mean_variance,4425,136,0,136,1.0
mean_variance,4450,136,0,136,1.0
mean_variance,4475,136,0,136,1.0
mean_variance,4500,136,0,136,1.0
mean_variance,4525,136,0,136,1.0
mean_variance,4550,136,0,136,1.0
mean_variance,4575,136,0,136,1.0
mean_variance,4600,136,0,136,1.0
mean_variance,4625,136,0,136,1.0
mean_variance,4650,136,0,136,1.0
mean_variance,4675,136,0,136,1.0
mean_variance,4700,136,0,136,1.0
mean_variance,4725,136,0,136,1.0
mean_variance,4750,136,0,136,1.0
mean_variance,4775,136,0,136,1.0
mean_variance,4800,136,0,136,1.0
mean_variance,4825,136,0,136,1.0
mean_variance,4850,136,0,136,1.0
mean_variance,4875,136,0,136,1.0
mean_variance,4900,136,0,136,1.0
mean_variance,4925,136,0,136,1.0
mean_variance,4950,136,0,136,1.0
mean_variance,4975,136,0,136,1.0
mean_variance,5000,136,0,136,1.0
mean_variance,5025,136,0,136,1.0
mean_variance,5050,136,0,136,1.0
mean_variance,5075,136,0,136,1.0
mean_variance,5100,136,0,136,1.0
mean_variance,5125,136,0,136,1.0
mean_variance,5150,136,0,136,1.0
mean_variance,5175,136,0,136,1.0
mean_variance,5200,136,0,136,1.0
mean_variance,5225,136,0,136,1.0
mean_variance,5250,136,0,136,1.0
mean_variance,5275,136,0,136,1.0
mean_variance,5300,136,0,136,1.0
mean_variance,5325,136,0,136,1.0
mean_variance,5350,136,0,136,1.0
mean_variance,5375,136,0,136,1.0
mean_variance,5400,136,0,136,1.0
mean_variance,5425,136,0,136,1.0
mean_variance,5450,136,0,136,1.0
mean_variance,5475,136,0,136,1.0
mean_variance,5500,136,0,136,1.0
mean_variance,5525,136,0,136,1.0
mean_variance,5550,136,0,136,1.0
mean_variance,5575,136,0,136,1.0
mean_variance,5600,136,0,136,1.0
mean_variance,5625,136,0,136,1.0
mean_variance,5650,136,0,136,1.0
mean_variance,5675,136,0,136,1.0
mean_variance,5700,136,0,136,1.0
mean_variance,5725,136,0,136,1.0
mean_variance,5750,136,0,136,1.0
mean_variance,5775,136,0,136,1.0
mean_variance,5800,136,0,136,1.0
mean_variance,5825,136,0,136,1.0
mean_variance,5850,136,0,136,1.0
mean_variance,5875,136,0,136,1.0
mean_variance,5900,136,0,136,1.0
mean_variance,5925,136,0,136,1.0
mean_variance,5950,136,0,136,1.0
mean_variance,5975,136,0,136,1.0
mean_variance,6000,136,0,136,1.0
mean_variance,6025,136,0,136,1.0
mean_variance,6050,136,0,136,1.0
mean_variance,6075,136,0,136,1.0
mean_variance,6100,136,0,136,1.0
mean_variance,6125,136,0,136,1.0
mean_variance,6150,136,0,136,1.0
mean_variance,6175,136,0,136,1.0
mean_variance,6200,136,0,136,1.0
mean_variance,6225,136,0,136,1.0
mean_variance,6250,136,0,136,1.0
mean_variance,6275,136,0,136,1.0
mean_variance,6300,136,0,136,1.0
mean_variance,6325,136,0,136,1.0
mean_variance,6350,136,0,136,1.0
mean_variance,6375,136,0,136,1.0
mean_variance,6400,136,0,136,1.0
mean_variance,6425,136,0,136,1.0
mean_variance,6450,136,0,136,1.0
mean_variance,6475,136,0,136,1.0
mean_variance,6500,136,0,136,1.0
mean_variance,6525,136,0,136,1.0
mean_variance,6550,136,0,136,1.0
mean_variance,6575,136,0,136,1.0
mean_variance,6600,136,0,136,1.0
mean_variance,6625,136,0,136,1.0
mean_variance,6650,136,0,136,1.0
mean_variance,6675,136,0,136,1.0
mean_variance,6700,136,0,136,1.0
mean_variance,6725,136,0,136,1.0
mean_variance,6750,136,0,136,1.0
mean_variance,6775,136,0,136,1.0
mean_variance,6800,136,0,136,1.0
mean_variance,6825,136,0,136,1.0
mean_variance,6850,136,0,136,1.0
mean_variance,6875,136,0,136,1.0
mean_variance,6900,136,0,136,1.0
mean_variance,6925,136,0,136,1.0
mean_variance,6950,136,0,136,1.0
mean_variance,6975,136,0,136,1.0
mean_variance,7000,136,0,136,1.0
mean_variance,7025,136,0,136,1.0
mean_variance,7050,136,0,136,1.0
mean_variance,7075,136,0,136,1.0
mean_variance,7100,136,0,136,1.0
mean_variance,7125,136,0,136,1.0
mean_variance,7150,136,0,136,1.0
mean_variance,7175,136,0,136,1.0
mean_variance,7200,136,0,136,1.0
mean_variance,7225,136,0,136,1.0
mean_variance,7250,136,0,136,1.0
mean_variance,7275,136,0,136,1.0
mean_variance,7300,136,0,136,1.0
mean_variance,7325,136,0,136,1.0
mean_variance,7350,136,0,136,1.0
mean_variance,7375,136,0,136,1.0
mean_variance,7400,136,0,136,1.0
mean_variance,7425,136,0,136,1.0
mean_variance,7450,136,0,136,1.0
mean_variance,7475,136,0,136,1.0
mean_variance,7500,136,0,136,1.0
mean_variance,7525,136,0,136,1.0
mean_variance,7550,136,0,136,1.0
mean_variance,7575,136,0,136,1.0
mean_variance,7600,136,0,136,1.0
mean_variance,7625,136,0,136,1.0
mean_variance,7650,136,0,136,1.0
mean_variance,7675,136,0,136,1.0
mean_variance,7700,136,0,136,1.0
mean_variance,7725,136,0,136,1.0
mean_variance,7750,136,0,136,1.0
mean_variance,7775,136,0,136,1.0
mean_variance,7800,136,0,136,1.0
mean_variance,7825,136,0,136,1.0
mean_variance,7850,136,0,136,1.0
mean_variance,7875,136,0,136,1.0
mean_variance,7900,136,0,136,1.0
mean_variance,7925,136,0,136,1.0
mean_variance,7950,136,0,136,1.0
mean_variance,7975,136,0,136,1.0
mean_variance,8000,136,0,136,1.0
mean_variance,8025,136,0,136,1.0
mean_variance,8050,136,0,136,1.0
mean_variance,8075,136,0,136,1.0
mean_variance,8100,136,0,136,1.0
mean_variance,8125,136,0,136,1.0
mean_variance,8150,136,0,136,1.0
mean_variance,8175,136,0,136,1.0
mean_variance,8200,136,0,136,1.0
mean_variance,8225,136,0,136,1.0
mean_variance,8250,136,0,136,1.0
mean_variance,8275,136,0,136,1.0
mean_variance,8300,136,0,136,1.0
mean_variance,8325,136,0,136,1.0
mean_variance,8350,136,0,136,1.0
mean_variance,8375,136,0,136,1.0
mean_variance,8400,136,0,136,1.0
mean_variance,8425,136,0,136,1.0
mean_variance,8450,136,0,136,1.0
mean_variance,8475,136,0,136,1.0
mean_variance,8500,136,0,136,1.0
mean_variance,8525,136,0,136,1.0
mean_variance,8550,136,0,136,1.0
mean_variance,8575,136,0,136,1.0
mean_variance,8600,136,0,136,1.0
mean_variance,8625,136,0,136,1.0
mean_variance,8650,136,0,136,1.0
mean_variance,8675,136,0,136,1.0
mean_variance,8700,136,0,136,1.0
mean_variance,8725,136,0,136,1.0
mean_variance,8750,136,0,136,1.0
mean_variance,8775,136,0,136,1.0
mean_variance,8800,136,0,136,1.0
mean_variance,8825,136,0,136,1.0
mean_variance,8850,136,0,136,1.0
mean_variance,8875,136,0,136,1.0
mean_variance,8900,136,0,136,1.0
mean_variance,8925,136,0,136,1.0
mean_variance,8950,136,0,136,1.0
mean_variance,8975,136,0,136,1.0
mean_variance,9000,136,0,136,1.0
mean_variance,9025,136,0,136,1.0
mean_variance,9050,136,0,136,1.0
mean_variance,9075,136,0,136,1.0
mean_variance,9100,136,0,136,1.0
mean_variance,9125,136,0,136,1.0
mean_variance,9150,136,0,136,1.0
mean_variance,9175,136,0,136,1.0
mean_variance,9200,136,0,136,1.0
mean_variance,9225,136,0,136,1.0
mean_variance,9250,136,0,136,1.0
mean_variance,9275,136,0,136,1.0
mean_variance,9300,136,0,136,1.0
mean_variance,9325,136,0,136,1.0
mean_variance,9350,136,0,136,1.0
mean_variance,9375,136,0,136,1.0
mean_variance,9400,136,0,136,1.0
mean_variance,9425,136,0,136,1.0
mean_variance,9450,136,0,136,1.0
mean_variance,9475,136,0,136,1.0
mean_variance,9500,136,0,136,1.0
mean_variance,9525,136,0,136,1.0
mean_variance,9550,136,0,136,1.0
mean_variance,9575,136,0,136,1.0
mean_variance,9600,135,0,135,0.9926470588235294
mean_variance,9625,135,0,135,0.9926470588235294
mean_variance,9650,135,0,135,0.9926470588235294
mean_variance,9675,135,0,135,0.9926470588235294
mean_variance,9700,132,0,132,0.9705882352941176
mean_variance,9725,130,0,130,0.9558823529411765
mean_variance,9750,129,0,129,0.9485294117647058
mean_variance,9775,126,0,126,0.9264705882352942
mean_variance,9800,121,0,121,0.8897058823529411
mean_variance,9825,114,0,114,0.8382352941176471
mean_variance,9850,101,0,101,0.7426470588235294
mean_variance,9875,94,0,94,0.6911764705882353
mean_variance,9900,87,0,87,0.6397058823529411
mean_variance,9925,77,0,77,0.5661764705882353
mean_variance,9950,50,0,50,0.36764705882352944
mean_variance,9975,30,0,30,0.22058823529411764
mean_variance,10000,0,0,0,0.0
mean_variance_constrained,0,136,136,136,1.0
mean_variance_constrained,25,136,136,136,1.0
mean_variance_constrained,50,136,136,136,1.0
mean_variance_constrained,75,136,136,136,1.0
mean_variance_constrained,100,136,136,136,1.0
mean_variance_constrained,125,136,136,136,1.0
mean_variance_constrained,150,136,136,136,1.0
mean_variance_constrained,175,136,136,136,1.0
mean_variance_constrained,200,136,136,136,1.0
mean_variance_constrained,225,136,136,136,1.0
mean_variance_constrained,250,136,136,136,1.0
mean_variance_constrained,275,136,136,136,1.0
mean_variance_constrained,300,136,136,136,1.0
mean_variance_constrained,325,136,136,136,1.0
mean_variance_constrained,350,136,136,136,1.0
mean_variance_constrained,375,136,136,136,1.0
mean_variance_constrained,400,136,136,136,1.0
mean_variance_constrained,425,136,136,136,1.0
mean_variance_constrained,450,136,136,136,1.0
mean_variance_constrained,475,136,136,136,1.0
mean_variance_constrained,500,136,136,136,1.0
mean_variance_constrained,525,136,136,136,1.0
mean_variance_constrained,550,136,136,136,1.0
mean_variance_constrained,575,136,136,136,1.0
mean_variance_constrained,600,136,136,136,1.0
mean_variance_constrained,625,136,136,136,1.0
mean_variance_constrained,650,136,136,136,1.0
mean_variance_constrained,675,136,136,136,1.0
mean_variance_constrained,700,136,136,136,1.0
mean_variance_constrained,725,136,136,136,1.0
mean_variance_constrained,750,136,136,136,1.0
mean_variance_constrained,775,136,136,136,1.0
mean_variance_constrained,800,136,136,136,1.0
mean_variance_constrained,825,136,136,136,1.0
mean_variance_constrained,850,136,136,136,1.0
mean_variance_constrained,875,136,136,136,1.0
mean_variance_constrained,900,136,136,136,1.0
mean_variance_constrained,925,136,136,136,1.0
mean_variance_constrained,950,136,136,136,1.0
mean_variance_constrained,975,136,136,136,1.0
mean_variance_constrained,1000,136,136,136,1.0
mean_variance_constrained,1025,136,136,136,1.0
mean_variance_constrained,1050,136,136,136,1.0
mean_variance_constrained,1075,136,136,136,1.0
mean_variance_constrained,1100,136,136,136,1.0
mean_variance_constrained,1125,136,136,136,1.0
mean_variance_constrained,1150,136,136,136,1.0
mean_variance_constrained,1175,136,136,136,1.0
mean_variance_constrained,1200,136,136,136,1.0
mean_variance_constrained,1225,136,136,136,1.0
mean_variance_constrained,1250,136,136,136,1.0
mean_variance_constrained,1275,136,136,136,1.0
mean_variance_constrained,1300,136,136,136,1.0
mean_variance_constrained,1325,136,136,136,1.0
mean_variance_constrained,1350,136,136,136,1.0
mean_variance_constrained,1375,136,136,136,1.0
mean_variance_constrained,1400,136,136,136,1.0
mean_variance_constrained,1425,136,136,136,1.0
mean_variance_constrained,1450,136,136,136,1.0
mean_variance_constrained,1475,136,136,136,1.0
mean_variance_constrained,1500,136,136,136,1.0
mean_variance_constrained,1525,136,136,136,1.0
mean_variance_constrained,1550,136,136,136,1.0
mean_variance_constrained,1575,136,136,136,1.0
mean_variance_constrained,1600,136,136,136,1.0
mean_variance_constrained,1625,136,136,136,1.0
mean_variance_constrained,1650,136,136,136,1.0
mean_variance_constrained,1675,136,136,136,1.0
mean_variance_constrained,1700,136,136,136,1.0
mean_variance_constrained,1725,136,136,136,1.0
mean_variance_constrained,1750,136,136,136,1.0
mean_variance_constrained,1775,136,136,136,1.0
mean_variance_constrained,1800,136,136,136,1.0
mean_variance_constrained,1825,136,136,136,1.0
mean_variance_constrained,1850,136,136,136,1.0
mean_variance_constrained,1875,136,136,136,1.0
mean_variance_constrained,1900,136,136,136,1.0
mean_variance_constrained,1925,136,136,136,1.0
mean_variance_constrained,1950,136,136,136,1.0
mean_variance_constrained,1975,136,136,136,1.0
mean_variance_constrained,2000,136,136,136,1.0
mean_variance_constrained,2025,136,136,136,1.0
mean_variance_constrained,2050,136,136,136,1.0
mean_variance_constrained,2075,136,136,136,1.0
mean_variance_constrained,2100,136,136,136,1.0
mean_variance_constrained,2125,136,136,136,1.0
mean_variance_constrained,2150,136,136,136,1.0
mean_variance_constrained,2175,136,136,136,1.0
mean_variance_constrained,2200,136,136,136,1.0
mean_variance_constrained,2225,136,136,136,1.0
mean_variance_constrained,2250,136,136,136,1.0
mean_variance_constrained,2275,136,136,136,1.0
mean_variance_constrained,2300,136,136,136,1.0
mean_variance_constrained,2325,136,136,136,1.0
mean_variance_constrained,2350,136,136,136,1.0
mean_variance_constrained,2375,136,136,136,1.0
mean_variance_constrained,2400,136,136,136,1.0
mean_variance_constrained,2425,136,136,136,1.0
mean_variance_constrained,2450,136,136,136,1.0
mean_variance_constrained,2475,136,136,136,1.0
mean_variance_constrained,2500,136,136,136,1.0
mean_variance_constrained,2525,136,136,136,1.0
mean_variance_constrained,2550,136,136,136,1.0
mean_variance_constrained,2575,136,136,136,1.0
mean_variance_constrained,2600,136,136,136,1.0
mean_variance_constrained,2625,136,136,136,1.0
mean_variance_constrained,2650,136,136,136,1.0
mean_variance_constrained,2675,136,136,136,1.0
mean_variance_constrained,2700,136,136,136,1.0
mean_variance_constrained,2725,136,136,136,1.0
mean_variance_constrained,2750,136,136,136,1.0
mean_variance_constrained,2775,136,136,136,1.0
mean_variance_constrained,2800,136,136,136,1.0
mean_variance_constrained,2825,136,136,136,1.0
mean_variance_constrained,2850,136,136,136,1.0
mean_variance_constrained,2875,136,136,136,1.0
mean_variance_constrained,2900,136,136,136,1.0
mean_variance_constrained,2925,136,136,136,1.0
mean_variance_constrained,2950,136,136,136,1.0
mean_variance_constrained,2975,136,136,136,1.0
mean_variance_constrained,3000,136,136,136,1.0
mean_variance_constrained,3025,136,136,136,1.0
mean_variance_constrained,3050,136,136,136,1.0
mean_variance_constrained,3075,136,136,136,1.0
mean_variance_constrained,3100,136,136,136,1.0
mean_variance_constrained,3125,136,136,136,1.0
mean_variance_constrained,3150,136,136,136,1.0
mean_variance_constrained,3175,136,136,136,1.0
mean_variance_constrained,3200,136,136,136,1.0
mean_variance_constrained,3225,136,136,136,1.0
mean_variance_constrained,3250,136,136,136,1.0
mean_variance_constrained,3275,136,136,136,1.0
mean_variance_constrained,3300,136,136,136,1.0
mean_variance_constrained,3325,136,136,136,1.0
mean_variance_constrained,3350,136,136,136,1.0
mean_variance_constrained,3375,136,136,136,1.0
mean_variance_constrained,3400,136,136,136,1.0
mean_variance_constrained,3425,136,136,136,1.0
mean_variance_constrained,3450,136,136,136,1.0
mean_variance_constrained,3475,136,136,136,1.0
mean_variance_constrained,3500,136,136,136,1.0
mean_variance_constrained,3525,136,136,136,1.0
mean_variance_constrained,3550,136,136,136,1.0
mean_variance_constrained,3575,136,136,136,1.0
mean_variance_constrained,3600,136,136,136,1.0
mean_variance_constrained,3625,136,136,136,1.0
mean_variance_constrained,3650,136,136,136,1.0
mean_variance_constrained,3675,136,136,136,1.0
mean_variance_constrained,3700,136,136,136,1.0
mean_variance_constrained,3725,136,136,136,1.0
mean_variance_constrained,3750,136,136,136,1.0
mean_variance_constrained,3775,136,136,136,1.0
mean_variance_constrained,3800,136,136,136,1.0
mean_variance_constrained,3825,136,136,136,1.0
mean_variance_constrained,3850,136,136,136,1.0
mean_variance_constrained,3875,136,136,136,1.0
mean_variance_constrained,3900,136,136,136,1.0
mean_variance_constrained,3925,136,136,136,1.0
mean_variance_constrained,3950,136,136,136,1.0
mean_variance_constrained,3975,136,136,136,1.0
mean_variance_constrained,4000,136,0,136,1.0
mean_variance_constrained,4025,136,0,136,1.0
mean_variance_constrained,4050,136,0,136,1.0
mean_variance_constrained,4075,136,0,136,1.0
mean_variance_constrained,4100,136,0,136,1.0
mean_variance_constrained,4125,136,0,136,1.0
mean_variance_constrained,4150,136,0,136,1.0
mean_variance_constrained,4175,136,0,136,1.0
mean_variance_constrained,4200,136,0,136,1.0
mean_variance_constrained,4225,136,0,136,1.0
mean_variance_constrained,4250,136,0,136,1.0
mean_variance_constrained,4275,136,0,136,1.0
mean_variance_constrained,4300,136,0,136,1.0
mean_variance_constrained,4325,136,0,136,1.0
mean_variance_constrained,4350,136,0,136,1.0
mean_variance_constrained,4375,136,0,136,1.0
mean_variance_constrained,4400,136,0,136,1.0
mean_variance_constrained,4425,136,0,136,1.0
mean_variance_constrained,4450,136,0,136,1.0
mean_variance_constrained,4475,136,0,136,1.0
mean_variance_constrained,4500,136,0,136,1.0
mean_variance_constrained,4525,136,0,136,1.0
mean_variance_constrained,4550,136,0,136,1.0
mean_variance_constrained,4575,136,0,136,1.0
mean_variance_constrained,4600,136,0,136,1.0
mean_variance_constrained,4625,136,0,136,1.0
mean_variance_constrained,4650,136,0,136,1.0
mean_variance_constrained,4675,136,0,136,1.0
mean_variance_constrained,4700,136,0,136,1.0
mean_variance_constrained,4725,136,0,136,1.0
mean_variance_constrained,4750,136,0,136,1.0
mean_variance_constrained,4775,136,0,136,1.0
mean_variance_constrained,4800,136,0,136,1.0
mean_variance_constrained,4825,136,0,136,1.0
mean_variance_constrained,4850,136,0,136,1.0
mean_variance_constrained,4875,136,0,136,1.0
mean_variance_constrained,4900,136,0,136,1.0
mean_variance_constrained,4925,136,0,136,1.0
mean_variance_constrained,4950,136,0,136,1.0
mean_variance_constrained,4975,136,0,136,1.0
mean_variance_constrained,5000,136,0,136,1.0
mean_variance_constrained,5025,136,0,136,1.0
mean_variance_constrained,5050,136,0,136,1.0
mean_variance_constrained,5075,136,0,136,1.0
mean_variance_constrained,5100,136,0,136,1.0
mean_variance_constrained,5125,136,0,136,1.0
mean_variance_constrained,5150,136,0,136,1.0
mean_variance_constrained,5175,136,0,136,1.0
mean_variance_constrained,5200,136,0,136,1.0
mean_variance_constrained,5225,136,0,136,1.0
mean_variance_constrained,5250,136,0,136,1.0
mean_variance_constrained,5275,136,0,136,1.0
mean_variance_constrained,5300,136,0,136,1.0
mean_variance_constrained,5325,136,0,136,1.0
mean_variance_constrained,5350,136,0,136,1.0
mean_variance_constrained,5375,136,0,136,1.0
mean_variance_constrained,5400,136,0,136,1.0
mean_variance_constrained,5425,136,0,136,1.0
mean_variance_constrained,5450,136,0,136,1.0
mean_variance_constrained,5475,136,0,136,1.0
mean_variance_constrained,5500,136,0,136,1.0
mean_variance_constrained,5525,136,0,136,1.0
mean_variance_constrained,5550,136,0,136,1.0
mean_variance_constrained,5575,136,0,136,1.0
mean_variance_constrained,5600,136,0,136,1.0
mean_variance_constrained,5625,136,0,136,1.0
mean_variance_constrained,5650,136,0,136,1.0
mean_variance_constrained,5675,136,0,136,1.0
mean_variance_constrained,5700,136,0,136,1.0
mean_variance_constrained,5725,136,0,136,1.0
mean_variance_constrained,5750,136,0,136,1.0
mean_variance_constrained,5775,136,0,136,1.0
mean_variance_constrained,5800,136,0,136,1.0
mean_variance_constrained,5825,136,0,136,1.0
mean_variance_constrained,5850,136,0,136,1.0
mean_variance_constrained,5875,136,0,136,1.0
mean_variance_constrained,5900,136,0,136,1.0
mean_variance_constrained,5925,136,0,136,1.0
mean_variance_constrained,5950,136,0,136,1.0
mean_variance_constrained,5975,136,0,136,1.0
mean_variance_constrained,6000,0,0,0,0.0
mean_variance_constrained,6025,0,0,0,0.0
mean_variance_constrained,6050,0,0,0,0.0
mean_variance_constrained,6075,0,0,0,0.0
mean_variance_constrained,6100,0,0,0,0.0
mean_variance_constrained,6125,0,0,0,0.0
mean_variance_constrained,6150,0,0,0,0.0
mean_variance_constrained,6175,0,0,0,0.0
mean_variance_constrained,6200,0,0,0,0.0
mean_variance_constrained,6225,0,0,0,0.0
mean_variance_constrained,6250,0,0,0,0.0
mean_variance_constrained,6275,0,0,0,0.0
mean_variance_constrained,6300,0,0,0,0.0
mean_variance_constrained,6325,0,0,0,0.0
mean_variance_constrained,6350,0,0,0,0.0
mean_variance_constrained,6375,0,0,0,0.0
mean_variance_constrained,6400,0,0,0,0.0
mean_variance_constrained,6425,0,0,0,0.0
mean_variance_constrained,6450,0,0,0,0.0
mean_variance_constrained,6475,0,0,0,0.0
mean_variance_constrained,6500,0,0,0,0.0
mean_variance_constrained,6525,0,0,0,0.0
mean_variance_constrained,6550,0,0,0,0.0
mean_variance_constrained,6575,0,0,0,0.0
mean_variance_constrained,6600,0,0,0,0.0
mean_variance_constrained,6625,0,0,0,0.0
mean_variance_constrained,6650,0,0,0,0.0
mean_variance_constrained,6675,0,0,0,0.0
mean_variance_constrained,6700,0,0,0,0.0
mean_variance_constrained,6725,0,0,0,0.0
mean_variance_constrained,6750,0,0,0,0.0
mean_variance_constrained,6775,0,0,0,0.0
mean_variance_constrained,6800,0,0,0,0.0
mean_variance_constrained,6825,0,0,0,0.0
mean_variance_constrained,6850,0,0,0,0.0
mean_variance_constrained,6875,0,0,0,0.0
mean_variance_constrained,6900,0,0,0,0.0
mean_variance_constrained,6925,0,0,0,0.0
mean_variance_constrained,6950,0,0,0,0.0
mean_variance_constrained,6975,0,0,0,0.0
mean_variance_constrained,7000,0,0,0,0.0
mean_variance_constrained,7025,0,0,0,0.0
mean_variance_constrained,7050,0,0,0,0.0
mean_variance_constrained,7075,0,0,0,0.0
mean_variance_constrained,7100,0,0,0,0.0
mean_variance_constrained,7125,0,0,0,0.0
mean_variance_constrained,7150,0,0,0,0.0
mean_variance_constrained,7175,0,0,0,0.0
mean_variance_constrained,7200,0,0,0,0.0
mean_variance_constrained,7225,0,0,0,0.0
mean_variance_constrained,7250,0,0,0,0.0
mean_variance_constrained,7275,0,0,0,0.0
mean_variance_constrained,7300,0,0,0,0.0
mean_variance_constrained,7325,0,0,0,0.0
mean_variance_constrained,7350,0,0,0,0.0
mean_variance_constrained,7375,0,0,0,0.0
mean_variance_constrained,7400,0,0,0,0.0
mean_variance_constrained,7425,0,0,0,0.0
mean_variance_constrained,7450,0,0,0,0.0
mean_variance_constrained,7475,0,0,0,0.0
mean_variance_constrained,7500,0,0,0,0.0
mean_variance_constrained,7525,0,0,0,0.0
mean_variance_constrained,7550,0,0,0,0.0
mean_variance_constrained,7575,0,0,0,0.0
mean_variance_constrained,7600,0,0,0,0.0
mean_variance_constrained,7625,0,0,0,0.0
mean_variance_constrained,7650,0,0,0,0.0
mean_variance_constrained,7675,0,0,0,0.0
mean_variance_constrained,7700,0,0,0,0.0
mean_variance_constrained,7725,0,0,0,0.0
mean_variance_constrained,7750,0,0,0,0.0
mean_variance_constrained,7775,0,0,0,0.0
mean_variance_constrained,7800,0,0,0,0.0
mean_variance_constrained,7825,0,0,0,0.0
mean_variance_constrained,7850,0,0,0,0.0
mean_variance_constrained,7875,0,0,0,0.0
mean_variance_constrained,7900,0,0,0,0.0
mean_variance_constrained,7925,0,0,0,0.0
mean_variance_constrained,7950,0,0,0,0.0
mean_variance_constrained,7975,0,0,0,0.0
mean_variance_constrained,8000,0,0,0,0.0
mean_variance_constrained,8025,0,0,0,0.0
mean_variance_constrained,8050,0,0,0,0.0
mean_variance_constrained,8075,0,0,0,0.0
mean_variance_constrained,8100,0,0,0,0.0
mean_variance_constrained,8125,0,0,0,0.0
mean_variance_constrained,8150,0,0,0,0.0
mean_variance_constrained,8175,0,0,0,0.0
mean_variance_constrained,8200,0,0,0,0.0
mean_variance_constrained,8225,0,0,0,0.0
mean_variance_constrained,8250,0,0,0,0.0
mean_variance_constrained,8275,0,0,0,0.0
mean_variance_constrained,8300,0,0,0,0.0
mean_variance_constrained,8325,0,0,0,0.0
mean_variance_constrained,8350,0,0,0,0.0
mean_variance_constrained,8375,0,0,0,0.0
mean_variance_constrained,8400,0,0,0,0.0
mean_variance_constrained,8425,0,0,0,0.0
mean_variance_constrained,8450,0,0,0,0.0
mean_variance_constrained,8475,0,0,0,0.0
mean_variance_constrained,8500,0,0,0,0.0
mean_variance_constrained,8525,0,0,0,0.0
mean_variance_constrained,8550,0,0,0,0.0
mean_variance_constrained,8575,0,0,0,0.0
mean_variance_constrained,8600,0,0,0,0.0
mean_variance_constrained,8625,0,0,0,0.0
mean_variance_constrained,8650,0,0,0,0.0
mean_variance_constrained,8675,0,0,0,0.0
mean_variance_constrained,8700,0,0,0,0.0
mean_variance_constrained,8725,0,0,0,0.0
mean_variance_constrained,8750,0,0,0,0.0
mean_variance_constrained,8775,0,0,0,0.0
mean_variance_constrained,8800,0,0,0,0.0
mean_variance_constrained,8825,0,0,0,0.0
mean_variance_constrained,8850,0,0,0,0.0
mean_variance_constrained,8875,0,0,0,0.0
mean_variance_constrained,8900,0,0,0,0.0
mean_variance_constrained,8925,0,0,0,0.0
mean_variance_constrained,8950,0,0,0,0.0
mean_variance_constrained,8975,0,0,0,0.0
mean_variance_constrained,9000,0,0,0,0.0
mean_variance_constrained,9025,0,0,0,0.0
mean_variance_constrained,9050,0,0,0,0.0
mean_variance_constrained,9075,0,0,0,0.0
mean_variance_constrained,9100,0,0,0,0.0
mean_variance_constrained,9125,0,0,0,0.0
mean_variance_constrained,9150,0,0,0,0.0
mean_variance_constrained,9175,0,0,0,0.0
mean_variance_constrained,9200,0,0,0,0.0
mean_variance_constrained,9225,0,0,0,0.0
mean_variance_constrained,9250,0,0,0,0.0
mean_variance_constrained,9275,0,0,0,0.0
mean_variance_constrained,9300,0,0,0,0.0
mean_variance_constrained,9325,0,0,0,0.0
mean_variance_constrained,9350,0,0,0,0.0
mean_variance_constrained,9375,0,0,0,0.0
mean_variance_constrained,9400,0,0,0,0.0
mean_variance_constrained,9425,0,0,0,0.0
mean_variance_constrained,9450,0,0,0,0.0
mean_variance_constrained,9475,0,0,0,0.0
mean_variance_constrained,9500,0,0,0,0.0
mean_variance_constrained,9525,0,0,0,0.0
mean_variance_constrained,9550,0,0,0,0.0
mean_variance_constrained,9575,0,0,0,0.0
mean_variance_constrained,9600,0,0,0,0.0
mean_variance_constrained,9625,0,0,0,0.0
mean_variance_constrained,9650,0,0,0,0.0
mean_variance_constrained,9675,0,0,0,0.0
mean_variance_constrained,9700,0,0,0,0.0
mean_variance_constrained,9725,0,0,0,0.0
mean_variance_constrained,9750,0,0,0,0.0
mean_variance_constrained,9775,0,0,0,0.0
mean_variance_constrained,9800,0,0,0,0.0
mean_variance_constrained,9825,0,0,0,0.0
mean_variance_constrained,9850,0,0,0,0.0
mean_variance_constrained,9875,0,0,0,0.0
mean_variance_constrained,9900,0,0,0,0.0
mean_variance_constrained,9925,0,0,0,0.0
mean_variance_constrained,9950,0,0,0,0.0
mean_variance_constrained,9975,0,0,0,0.0
mean_variance_constrained,10000,0,0,0,0.0
llm_unconstrained,0,136,136,136,1.0
llm_unconstrained,25,136,136,136,1.0
llm_unconstrained,50,136,136,136,1.0
llm_unconstrained,75,136,136,136,1.0
llm_unconstrained,100,136,136,136,1.0
llm_unconstrained,125,136,136,136,1.0
llm_unconstrained,150,136,136,136,1.0
llm_unconstrained,175,136,136,136,1.0
llm_unconstrained,200,136,136,136,1.0
llm_unconstrained,225,136,136,136,1.0
llm_unconstrained,250,136,136,136,1.0
llm_unconstrained,275,136,136,136,1.0
llm_unconstrained,300,136,136,136,1.0
llm_unconstrained,325,136,136,136,1.0
llm_unconstrained,350,136,136,136,1.0
llm_unconstrained,375,136,136,136,1.0
llm_unconstrained,400,136,136,136,1.0
llm_unconstrained,425,136,136,136,1.0
llm_unconstrained,450,136,136,136,1.0
llm_unconstrained,475,136,136,136,1.0
llm_unconstrained,500,136,121,136,1.0
llm_unconstrained,525,136,121,136,1.0
llm_unconstrained,550,136,121,136,1.0
llm_unconstrained,575,136,121,136,1.0
llm_unconstrained,600,136,121,136,1.0
llm_unconstrained,625,136,121,136,1.0
llm_unconstrained,650,136,121,136,1.0
llm_unconstrained,675,136,121,136,1.0
llm_unconstrained,700,136,121,136,1.0
llm_unconstrained,725,136,121,136,1.0
llm_unconstrained,750,136,121,136,1.0
llm_unconstrained,775,136,121,136,1.0
llm_unconstrained,800,136,118,136,1.0
llm_unconstrained,825,136,118,136,1.0
llm_unconstrained,850,136,118,136,1.0
llm_unconstrained,875,136,118,136,1.0
llm_unconstrained,900,136,118,136,1.0
llm_unconstrained,925,136,118,136,1.0
llm_unconstrained,950,136,118,136,1.0
llm_unconstrained,975,136,118,136,1.0
llm_unconstrained,1000,136,70,136,1.0
llm_unconstrained,1025,136,70,136,1.0
llm_unconstrained,1050,136,70,136,1.0
llm_unconstrained,1075,136,70,136,1.0
llm_unconstrained,1100,136,70,136,1.0
llm_unconstrained,1125,136,70,136,1.0
llm_unconstrained,1150,136,70,136,1.0
llm_unconstrained,1175,136,70,136,1.0
llm_unconstrained,1200,136,70,136,1.0
llm_unconstrained,1225,136,70,136,1.0
llm_unconstrained,1250,136,70,136,1.0
llm_unconstrained,1275,136,70,136,1.0
llm_unconstrained,1300,136,70,136,1.0
llm_unconstrained,1325,136,70,136,1.0
llm_unconstrained,1350,136,70,136,1.0
llm_unconstrained,1375,136,70,136,1.0
llm_unconstrained,1400,136,70,136,1.0
llm_unconstrained,1425,136,70,136,1.0
llm_unconstrained,1450,136,70,136,1.0
llm_unconstrained,1475,136,70,136,1.0
llm_unconstrained,1500,136,1,136,1.0
llm_unconstrained,1525,136,1,136,1.0
llm_unconstrained,1550,136,1,136,1.0
llm_unconstrained,1575,136,1,136,1.0
llm_unconstrained,1600,136,1,136,1.0
llm_unconstrained,1625,136,1,136,1.0
llm_unconstrained,1650,136,1,136,1.0
llm_unconstrained,1675,136,1,136,1.0
llm_unconstrained,1700,136,1,136,1.0
llm_unconstrained,1725,136,1,136,1.0
llm_unconstrained,1750,136,1,136,1.0
llm_unconstrained,1775,136,1,136,1.0
llm_unconstrained,1800,136,1,136,1.0
llm_unconstrained,1825,136,1,136,1.0
llm_unconstrained,1850,136,1,136,1.0
llm_unconstrained,1875,136,1,136,1.0
llm_unconstrained,1900,136,1,136,1.0
llm_unconstrained,1925,136,1,136,1.0
llm_unconstrained,1950,136,1,136,1.0
llm_unconstrained,1975,136,1,136,1.0
llm_unconstrained,2000,136,1,136,1.0
llm_unconstrained,2025,136,1,136,1.0
llm_unconstrained,2050,136,1,136,1.0
llm_unconstrained,2075,136,1,136,1.0
llm_unconstrained,2100,136,1,136,1.0
llm_unconstrained,2125,136,1,136,1.0
llm_unconstrained,2150,136,1,136,1.0
llm_unconstrained,2175,136,1,136,1.0
llm_unconstrained,2200,136,1,136,1.0
llm_unconstrained,2225,136,1,136,1.0
llm_unconstrained,2250,136,1,136,1.0
llm_unconstrained,2275,136,1,136,1.0
llm_unconstrained,2300,136,1,136,1.0
llm_unconstrained,2325,136,1,136,1.0
llm_unconstrained,2350,136,1,136,1.0
llm_unconstrained,2375,136,1,136,1.0
llm_unconstrained,2400,136,1,136,1.0
llm_unconstrained,2425,136,1,136,1.0
llm_unconstrained,2450,136,1,136,1.0
llm_unconstrained,2475,136,1,136,1.0
llm_unconstrained,2500,136,0,136,1.0
llm_unconstrained,2525,136,0,136,1.0
llm_unconstrained,2550,136,0,136,1.0
llm_unconstrained,2575,136,0,136,1.0
llm_unconstrained,2600,136,0,136,1.0
llm_unconstrained,2625,136,0,136,1.0
llm_unconstrained,2650,136,0,136,1.0
llm_unconstrained,2675,136,0,136,1.0
llm_unconstrained,2700,136,0,136,1.0
llm_unconstrained,2725,136,0,136,1.0
llm_unconstrained,2750,136,0,136,1.0
llm_unconstrained,2775,136,0,136,1.0
llm_unconstrained,2800,136,0,136,1.0
llm_unconstrained,2825,136,0,136,1.0
llm_unconstrained,2850,136,0,136,1.0
llm_unconstrained,2875,136,0,136,1.0
llm_unconstrained,2900,136,0,136,1.0
llm_unconstrained,2925,136,0,136,1.0
llm_unconstrained,2950,136,0,136,1.0
llm_unconstrained,2975,136,0,136,1.0
llm_unconstrained,3000,136,0,136,1.0
llm_unconstrained,3025,136,0,136,1.0
llm_unconstrained,3050,136,0,136,1.0
llm_unconstrained,3075,136,0,136,1.0
llm_unconstrained,3100,136,0,136,1.0
llm_unconstrained,3125,136,0,136,1.0
llm_unconstrained,3150,136,0,136,1.0
llm_unconstrained,3175,136,0,136,1.0
llm_unconstrained,3200,136,0,136,1.0
llm_unconstrained,3225,136,0,136,1.0
llm_unconstrained,3250,136,0,136,1.0
llm_unconstrained,3275,136,0,136,1.0
llm_unconstrained,3300,136,0,136,1.0
llm_unconstrained,3325,136,0,136,1.0
llm_unconstrained,3350,136,0,136,1.0
llm_unconstrained,3375,136,0,136,1.0
llm_unconstrained,3400,136,0,136,1.0
llm_unconstrained,3425,136,0,136,1.0
llm_unconstrained,3450,136,0,136,1.0
llm_unconstrained,3475,136,0,136,1.0
llm_unconstrained,3500,136,0,136,1.0
llm_unconstrained,3525,136,0,136,1.0
llm_unconstrained,3550,136,0,136,1.0
llm_unconstrained,3575,136,0,136,1.0
llm_unconstrained,3600,136,0,136,1.0
llm_unconstrained,3625,136,0,136,1.0
llm_unconstrained,3650,136,0,136,1.0
llm_unconstrained,3675,136,0,136,1.0
llm_unconstrained,3700,136,0,136,1.0
llm_unconstrained,3725,136,0,136,1.0
llm_unconstrained,3750,136,0,136,1.0
llm_unconstrained,3775,136,0,136,1.0
llm_unconstrained,3800,136,0,136,1.0
llm_unconstrained,3825,136,0,136,1.0
llm_unconstrained,3850,136,0,136,1.0
llm_unconstrained,3875,136,0,136,1.0
llm_unconstrained,3900,136,0,136,1.0
llm_unconstrained,3925,136,0,136,1.0
llm_unconstrained,3950,136,0,136,1.0
llm_unconstrained,3975,136,0,136,1.0
llm_unconstrained,4000,136,0,136,1.0
llm_unconstrained,4025,136,0,136,1.0
llm_unconstrained,4050,136,0,136,1.0
llm_unconstrained,4075,136,0,136,1.0
llm_unconstrained,4100,136,0,136,1.0
llm_unconstrained,4125,136,0,136,1.0
llm_unconstrained,4150,136,0,136,1.0
llm_unconstrained,4175,136,0,136,1.0
llm_unconstrained,4200,136,0,136,1.0
llm_unconstrained,4225,136,0,136,1.0
llm_unconstrained,4250,136,0,136,1.0
llm_unconstrained,4275,136,0,136,1.0
llm_unconstrained,4300,136,0,136,1.0
llm_unconstrained,4325,136,0,136,1.0
llm_unconstrained,4350,136,0,136,1.0
llm_unconstrained,4375,136,0,136,1.0
llm_unconstrained,4400,136,0,136,1.0
llm_unconstrained,4425,136,0,136,1.0
llm_unconstrained,4450,136,0,136,1.0
llm_unconstrained,4475,136,0,136,1.0
llm_unconstrained,4500,136,0,136,1.0
llm_unconstrained,4525,136,0,136,1.0
llm_unconstrained,4550,136,0,136,1.0
llm_unconstrained,4575,136,0,136,1.0
llm_unconstrained,4600,136,0,136,1.0
llm_unconstrained,4625,136,0,136,1.0
llm_unconstrained,4650,136,0,136,1.0
llm_unconstrained,4675,136,0,136,1.0
llm_unconstrained,4700,136,0,136,1.0
llm_unconstrained,4725,136,0,136,1.0
llm_unconstrained,4750,136,0,136,1.0
llm_unconstrained,4775,136,0,136,1.0
llm_unconstrained,4800,136,0,136,1.0
llm_unconstrained,4825,136,0,136,1.0
llm_unconstrained,4850,136,0,136,1.0
llm_unconstrained,4875,136,0,136,1.0
llm_unconstrained,4900,136,0,136,1.0
llm_unconstrained,4925,136,0,136,1.0
llm_unconstrained,4950,136,0,136,1.0
llm_unconstrained,4975,136,0,136,1.0
llm_unconstrained,5000,136,0,136,1.0
llm_unconstrained,5025,136,0,136,1.0
llm_unconstrained,5050,136,0,136,1.0
llm_unconstrained,5075,136,0,136,1.0
llm_unconstrained,5100,136,0,136,1.0
llm_unconstrained,5125,136,0,136,1.0
llm_unconstrained,5150,136,0,136,1.0
llm_unconstrained,5175,136,0,136,1.0
llm_unconstrained,5200,136,0,136,1.0
llm_unconstrained,5225,136,0,136,1.0
llm_unconstrained,5250,136,0,136,1.0
llm_unconstrained,5275,136,0,136,1.0
llm_unconstrained,5300,136,0,136,1.0
llm_unconstrained,5325,136,0,136,1.0
llm_unconstrained,5350,136,0,136,1.0
llm_unconstrained,5375,136,0,136,1.0
llm_unconstrained,5400,136,0,136,1.0
llm_unconstrained,5425,136,0,136,1.0
llm_unconstrained,5450,136,0,136,1.0
llm_unconstrained,5475,136,0,136,1.0
llm_unconstrained,5500,136,0,136,1.0
llm_unconstrained,5525,136,0,136,1.0
llm_unconstrained,5550,136,0,136,1.0
llm_unconstrained,5575,136,0,136,1.0
llm_unconstrained,5600,136,0,136,1.0
llm_unconstrained,5625,136,0,136,1.0
llm_unconstrained,5650,136,0,136,1.0
llm_unconstrained,5675,136,0,136,1.0
llm_unconstrained,5700,136,0,136,1.0
llm_unconstrained,5725,136,0,136,1.0
llm_unconstrained,5750,136,0,136,1.0
llm_unconstrained,5775,136,0,136,1.0
llm_unconstrained,5800,136,0,136,1.0
llm_unconstrained,5825,136,0,136,1.0
llm_unconstrained,5850,136,0,136,1.0
llm_unconstrained,5875,136,0,136,1.0
llm_unconstrained,5900,136,0,136,1.0
llm_unconstrained,5925,136,0,136,1.0
llm_unconstrained,5950,136,0,136,1.0
llm_unconstrained,5975,136,0,136,1.0
llm_unconstrained,6000,136,0,136,1.0
llm_unconstrained,6025,136,0,136,1.0
llm_unconstrained,6050,136,0,136,1.0
llm_unconstrained,6075,136,0,136,1.0
llm_unconstrained,6100,136,0,136,1.0
llm_unconstrained,6125,136,0,136,1.0
llm_unconstrained,6150,136,0,136,1.0
llm_unconstrained,6175,136,0,136,1.0
llm_unconstrained,6200,136,0,136,1.0
llm_unconstrained,6225,136,0,136,1.0
llm_unconstrained,6250,136,0,136,1.0
llm_unconstrained,6275,136,0,136,1.0
llm_unconstrained,6300,136,0,136,1.0
llm_unconstrained,6325,136,0,136,1.0
llm_unconstrained,6350,136,0,136,1.0
llm_unconstrained,6375,136,0,136,1.0
llm_unconstrained,6400,136,0,136,1.0
llm_unconstrained,6425,136,0,136,1.0
llm_unconstrained,6450,136,0,136,1.0
llm_unconstrained,6475,136,0,136,1.0
llm_unconstrained,6500,136,0,136,1.0
llm_unconstrained,6525,136,0,136,1.0
llm_unconstrained,6550,136,0,136,1.0
llm_unconstrained,6575,136,0,136,1.0
llm_unconstrained,6600,136,0,136,1.0
llm_unconstrained,6625,136,0,136,1.0
llm_unconstrained,6650,136,0,136,1.0
llm_unconstrained,6675,136,0,136,1.0
llm_unconstrained,6700,136,0,136,1.0
llm_unconstrained,6725,136,0,136,1.0
llm_unconstrained,6750,136,0,136,1.0
llm_unconstrained,6775,136,0,136,1.0
llm_unconstrained,6800,136,0,136,1.0
llm_unconstrained,6825,136,0,136,1.0
llm_unconstrained,6850,136,0,136,1.0
llm_unconstrained,6875,136,0,136,1.0
llm_unconstrained,6900,136,0,136,1.0
llm_unconstrained,6925,136,0,136,1.0
llm_unconstrained,6950,136,0,136,1.0
llm_unconstrained,6975,136,0,136,1.0
llm_unconstrained,7000,136,0,136,1.0
llm_unconstrained,7025,136,0,136,1.0
llm_unconstrained,7050,136,0,136,1.0
llm_unconstrained,7075,136,0,136,1.0
llm_unconstrained,7100,136,0,136,1.0
llm_unconstrained,7125,136,0,136,1.0
llm_unconstrained,7150,136,0,136,1.0
llm_unconstrained,7175,136,0,136,1.0
llm_unconstrained,7200,136,0,136,1.0
llm_unconstrained,7225,136,0,136,1.0
llm_unconstrained,7250,136,0,136,1.0
llm_unconstrained,7275,136,0,136,1.0
llm_unconstrained,7300,136,0,136,1.0
llm_unconstrained,7325,136,0,136,1.0
llm_unconstrained,7350,136,0,136,1.0
llm_unconstrained,7375,136,0,136,1.0
llm_unconstrained,7400,136,0,136,1.0
llm_unconstrained,7425,136,0,136,1.0
llm_unconstrained,7450,136,0,136,1.0
llm_unconstrained,7475,136,0,136,1.0
llm_unconstrained,7500,135,0,135,0.9926470588235294
llm_unconstrained,7525,135,0,135,0.9926470588235294
llm_unconstrained,7550,135,0,135,0.9926470588235294
llm_unconstrained,7575,135,0,135,0.9926470588235294
llm_unconstrained,7600,135,0,135,0.9926470588235294
llm_unconstrained,7625,135,0,135,0.9926470588235294
llm_unconstrained,7650,135,0,135,0.9926470588235294
llm_unconstrained,7675,135,0,135,0.9926470588235294
llm_unconstrained,7700,135,0,135,0.9926470588235294
llm_unconstrained,7725,135,0,135,0.9926470588235294
llm_unconstrained,7750,135,0,135,0.9926470588235294
llm_unconstrained,7775,135,0,135,0.9926470588235294
llm_unconstrained,7800,135,0,135,0.9926470588235294
llm_unconstrained,7825,135,0,135,0.9926470588235294
llm_unconstrained,7850,135,0,135,0.9926470588235294
llm_unconstrained,7875,135,0,135,0.9926470588235294
llm_unconstrained,7900,135,0,135,0.9926470588235294
llm_unconstrained,7925,135,0,135,0.9926470588235294
llm_unconstrained,7950,135,0,135,0.9926470588235294
llm_unconstrained,7975,135,0,135,0.9926470588235294
llm_unconstrained,8000,135,0,135,0.9926470588235294
llm_unconstrained,8025,135,0,135,0.9926470588235294
llm_unconstrained,8050,135,0,135,0.9926470588235294
llm_unconstrained,8075,135,0,135,0.9926470588235294
llm_unconstrained,8100,135,0,135,0.9926470588235294
llm_unconstrained,8125,135,0,135,0.9926470588235294
llm_unconstrained,8150,135,0,135,0.9926470588235294
llm_unconstrained,8175,135,0,135,0.9926470588235294
llm_unconstrained,8200,135,0,135,0.9926470588235294
llm_unconstrained,8225,135,0,135,0.9926470588235294
llm_unconstrained,8250,135,0,135,0.9926470588235294
llm_unconstrained,8275,135,0,135,0.9926470588235294
llm_unconstrained,8300,135,0,135,0.9926470588235294
llm_unconstrained,8325,135,0,135,0.9926470588235294
llm_unconstrained,8350,135,0,135,0.9926470588235294
llm_unconstrained,8375,135,0,135,0.9926470588235294
llm_unconstrained,8400,135,0,135,0.9926470588235294
llm_unconstrained,8425,135,0,135,0.9926470588235294
llm_unconstrained,8450,135,0,135,0.9926470588235294
llm_unconstrained,8475,135,0,135,0.9926470588235294
llm_unconstrained,8500,66,0,66,0.4852941176470588
llm_unconstrained,8525,66,0,66,0.4852941176470588
llm_unconstrained,8550,66,0,66,0.4852941176470588
llm_unconstrained,8575,66,0,66,0.4852941176470588
llm_unconstrained,8600,66,0,66,0.4852941176470588
llm_unconstrained,8625,66,0,66,0.4852941176470588
llm_unconstrained,8650,66,0,66,0.4852941176470588
llm_unconstrained,8675,66,0,66,0.4852941176470588
llm_unconstrained,8700,66,0,66,0.4852941176470588
llm_unconstrained,8725,66,0,66,0.4852941176470588
llm_unconstrained,8750,66,0,66,0.4852941176470588
llm_unconstrained,8775,66,0,66,0.4852941176470588
llm_unconstrained,8800,66,0,66,0.4852941176470588
llm_unconstrained,8825,66,0,66,0.4852941176470588
llm_unconstrained,8850,66,0,66,0.4852941176470588
llm_unconstrained,8875,66,0,66,0.4852941176470588
llm_unconstrained,8900,66,0,66,0.4852941176470588
llm_unconstrained,8925,66,0,66,0.4852941176470588
llm_unconstrained,8950,66,0,66,0.4852941176470588
llm_unconstrained,8975,66,0,66,0.4852941176470588
llm_unconstrained,9000,18,0,18,0.1323529411764706
llm_unconstrained,9025,18,0,18,0.1323529411764706
llm_unconstrained,9050,18,0,18,0.1323529411764706
llm_unconstrained,9075,18,0,18,0.1323529411764706
llm_unconstrained,9100,18,0,18,0.1323529411764706
llm_unconstrained,9125,18,0,18,0.1323529411764706
llm_unconstrained,9150,18,0,18,0.1323529411764706
llm_unconstrained,9175,18,0,18,0.1323529411764706
llm_unconstrained,9200,15,0,15,0.11029411764705882
llm_unconstrained,9225,15,0,15,0.11029411764705882
llm_unconstrained,9250,15,0,15,0.11029411764705882
llm_unconstrained,9275,15,0,15,0.11029411764705882
llm_unconstrained,9300,15,0,15,0.11029411764705882
llm_unconstrained,9325,15,0,15,0.11029411764705882
llm_unconstrained,9350,15,0,15,0.11029411764705882
llm_unconstrained,9375,15,0,15,0.11029411764705882
llm_unconstrained,9400,15,0,15,0.11029411764705882
llm_unconstrained,9425,15,0,15,0.11029411764705882
llm_unconstrained,9450,15,0,15,0.11029411764705882
llm_unconstrained,9475,15,0,15,0.11029411764705882
llm_unconstrained,9500,0,0,0,0.0
llm_unconstrained,9525,0,0,0,0.0
llm_unconstrained,9550,0,0,0,0.0
llm_unconstrained,9575,0,0,0,0.0
llm_unconstrained,9600,0,0,0,0.0
llm_unconstrained,9625,0,0,0,0.0
llm_unconstrained,9650,0,0,0,0.0
llm_unconstrained,9675,0,0,0,0.0
llm_unconstrained,9700,0,0,0,0.0
llm_unconstrained,9725,0,0,0,0.0
llm_unconstrained,9750,0,0,0,0.0
llm_unconstrained,9775,0,0,0,0.0
llm_unconstrained,9800,0,0,0,0.0
llm_unconstrained,9825,0,0,0,0.0
llm_unconstrained,9850,0,0,0,0.0
llm_unconstrained,9875,0,0,0,0.0
llm_unconstrained,9900,0,0,0,0.0
llm_unconstrained,9925,0,0,0,0.0
llm_unconstrained,9950,0,0,0,0.0
llm_unconstrained,9975,0,0,0,0.0
llm_unconstrained,10000,0,0,0,0.0
llm_constrained,0,136,136,136,1.0
llm_constrained,25,136,136,136,1.0
llm_constrained,50,136,136,136,1.0
llm_constrained,75,136,136,136,1.0
llm_constrained,100,136,136,136,1.0
llm_constrained,125,136,136,136,1.0
llm_constrained,150,136,136,136,1.0
llm_constrained,175,136,136,136,1.0
llm_constrained,200,136,136,136,1.0
llm_constrained,225,136,136,136,1.0
llm_constrained,250,136,136,136,1.0
llm_constrained,275,136,136,136,1.0
llm_constrained,300,136,136,136,1.0
llm_constrained,325,136,136,136,1.0
llm_constrained,350,136,136,136,1.0
llm_constrained,375,136,136,136,1.0
llm_constrained,400,136,136,136,1.0
llm_constrained,425,136,136,136,1.0
llm_constrained,450,136,136,136,1.0
llm_constrained,475,136,136,136,1.0
llm_constrained,500,136,136,136,1.0
llm_constrained,525,136,136,136,1.0
llm_constrained,550,136,136,136,1.0
llm_constrained,575,136,136,136,1.0
llm_constrained,600,136,136,136,1.0
llm_constrained,625,136,136,136,1.0
llm_constrained,650,136,136,136,1.0
llm_constrained,675,136,136,136,1.0
llm_constrained,700,136,136,136,1.0
llm_constrained,725,136,136,136,1.0
llm_constrained,750,136,136,136,1.0
llm_constrained,775,136,136,136,1.0
llm_constrained,800,136,136,136,1.0
llm_constrained,825,136,136,136,1.0
llm_constrained,850,136,136,136,1.0
llm_constrained,875,136,136,136,1.0
llm_constrained,900,136,136,136,1.0
llm_constrained,925,136,136,136,1.0
llm_constrained,950,136,136,136,1.0
llm_constrained,975,136,136,136,1.0
llm_constrained,1000,136,136,136,1.0
llm_constrained,1025,136,136,136,1.0
llm_constrained,1050,136,136,136,1.0
llm_constrained,1075,136,136,136,1.0
llm_constrained,1100,136,136,136,1.0
llm_constrained,1125,136,136,136,1.0
llm_constrained,1150,136,136,136,1.0
llm_constrained,1175,136,136,136,1.0
llm_constrained,1200,136,136,136,1.0
llm_constrained,1225,136,136,136,1.0
llm_constrained,1250,136,136,136,1.0
llm_constrained,1275,136,136,136,1.0
llm_constrained,1300,136,136,136,1.0
llm_constrained,1325,136,136,136,1.0
llm_constrained,1350,136,136,136,1.0
llm_constrained,1375,136,136,136,1.0
llm_constrained,1400,136,136,136,1.0
llm_constrained,1425,136,136,136,1.0
llm_constrained,1450,136,136,136,1.0
llm_constrained,1475,136,136,136,1.0
llm_constrained,1500,136,136,136,1.0
llm_constrained,1525,136,136,136,1.0
llm_constrained,1550,136,136,136,1.0
llm_constrained,1575,136,136,136,1.0
llm_constrained,1600,136,136,136,1.0
llm_constrained,1625,136,136,136,1.0
llm_constrained,1650,136,136,136,1.0
llm_constrained,1675,136,136,136,1.0
llm_constrained,1700,136,136,136,1.0
llm_constrained,1725,136,136,136,1.0
llm_constrained,1750,136,136,136,1.0
llm_constrained,1775,136,136,136,1.0
llm_constrained,1800,136,136,136,1.0
llm_constrained,1825,136,136,136,1.0
llm_constrained,1850,136,136,136,1.0
llm_constrained,1875,136,136,136,1.0
llm_constrained,1900,136,136,136,1.0
llm_constrained,1925,136,136,136,1.0
llm_constrained,1950,136,136,136,1.0
llm_constrained,1975,136,136,136,1.0
llm_constrained,2000,136,136,136,1.0
llm_constrained,2025,136,136,136,1.0
llm_constrained,2050,136,136,136,1.0
llm_constrained,2075,136,136,136,1.0
llm_constrained,2100,136,136,136,1.0
llm_constrained,2125,136,136,136,1.0
llm_constrained,2150,136,136,136,1.0
llm_constrained,2175,136,136,136,1.0
llm_constrained,2200,136,136,136,1.0
llm_constrained,2225,136,136,136,1.0
llm_constrained,2250,136,136,136,1.0
llm_constrained,2275,136,136,136,1.0
llm_constrained,2300,136,136,136,1.0
llm_constrained,2325,136,136,136,1.0
llm_constrained,2350,136,136,136,1.0
llm_constrained,2375,136,136,136,1.0
llm_constrained,2400,136,136,136,1.0
llm_constrained,2425,136,136,136,1.0
llm_constrained,2450,136,136,136,1.0
llm_constrained,2475,136,136,136,1.0
llm_constrained,2500,136,136,136,1.0
llm_constrained,2525,136,136,136,1.0
llm_constrained,2550,136,136,136,1.0
llm_constrained,2575,136,136,136,1.0
llm_constrained,2600,136,136,136,1.0
llm_constrained,2625,136,136,136,1.0
llm_constrained,2650,136,136,136,1.0
llm_constrained,2675,136,136,136,1.0
llm_constrained,2700,136,136,136,1.0
llm_constrained,2725,136,136,136,1.0
llm_constrained,2750,136,136,136,1.0
llm_constrained,2775,136,136,136,1.0
llm_constrained,2800,136,136,136,1.0
llm_constrained,2825,136,136,136,1.0
llm_constrained,2850,136,136,136,1.0
llm_constrained,2875,136,136,136,1.0
llm_constrained,2900,136,136,136,1.0
llm_constrained,2925,136,136,136,1.0
llm_constrained,2950,136,136,136,1.0
llm_constrained,2975,136,136,136,1.0
llm_constrained,3000,136,136,136,1.0
llm_constrained,3025,136,136,136,1.0
llm_constrained,3050,136,136,136,1.0
llm_constrained,3075,136,136,136,1.0
llm_constrained,3100,136,136,136,1.0
llm_constrained,3125,136,136,136,1.0
llm_constrained,3150,136,136,136,1.0
llm_constrained,3175,136,136,136,1.0
llm_constrained,3200,136,136,136,1.0
llm_constrained,3225,136,136,136,1.0
llm_constrained,3250,136,136,136,1.0
llm_constrained,3275,136,136,136,1.0
llm_constrained,3300,136,136,136,1.0
llm_constrained,3325,136,136,136,1.0
llm_constrained,3350,136,136,136,1.0
llm_constrained,3375,136,136,136,1.0
llm_constrained,3400,136,136,136,1.0
llm_constrained,3425,136,136,136,1.0
llm_constrained,3450,136,136,136,1.0
llm_constrained,3475,136,136,136,1.0
llm_constrained,3500,136,136,136,1.0
llm_constrained,3525,136,136,136,1.0
llm_constrained,3550,136,136,136,1.0
llm_constrained,3575,136,136,136,1.0
llm_constrained,3600,136,136,136,1.0
llm_constrained,3625,136,136,136,1.0
llm_constrained,3650,136,136,136,1.0
llm_constrained,3675,136,136,136,1.0
llm_constrained,3700,136,136,136,1.0
llm_constrained,3725,136,136,136,1.0
llm_constrained,3750,136,136,136,1.0
llm_constrained,3775,136,136,136,1.0
llm_constrained,3800,136,136,136,1.0
llm_constrained,3825,136,136,136,1.0
llm_constrained,3850,136,136,136,1.0
llm_constrained,3875,136,136,136,1.0
llm_constrained,3900,136,136,136,1.0
llm_constrained,3925,136,136,136,1.0
llm_constrained,3950,136,136,136,1.0
llm_constrained,3975,136,136,136,1.0
llm_constrained,4000,131,5,136,1.0
llm_constrained,4025,131,5,136,1.0
llm_constrained,4050,131,5,136,1.0
llm_constrained,4075,131,5,136,1.0
llm_constrained,4100,131,5,136,1.0
llm_constrained,4125,131,5,136,1.0
llm_constrained,4150,131,5,136,1.0
llm_constrained,4175,131,5,136,1.0
llm_constrained,4200,131,5,136,1.0
llm_constrained,4225,131,5,136,1.0
llm_constrained,4250,131,5,136,1.0
llm_constrained,4275,131,5,136,1.0
llm_constrained,4300,131,5,136,1.0
llm_constrained,4325,131,5,136,1.0
llm_constrained,4350,131,5,136,1.0
llm_constrained,4375,131,5,136,1.0
llm_constrained,4400,131,5,136,1.0
llm_constrained,4425,131,5,136,1.0
llm_constrained,4450,131,5,136,1.0
llm_constrained,4475,131,5,136,1.0
llm_constrained,4500,131,5,136,1.0
llm_constrained,4525,131,5,136,1.0
llm_constrained,4550,131,5,136,1.0
llm_constrained,4575,131,5,136,1.0
llm_constrained,4600,131,5,136,1.0
llm_constrained,4625,131,5,136,1.0
llm_constrained,4650,131,5,136,1.0
llm_constrained,4675,131,5,136,1.0
llm_constrained,4700,131,5,136,1.0
llm_constrained,4725,131,5,136,1.0
llm_constrained,4750,131,5,136,1.0
llm_constrained,4775,131,5,136,1.0
llm_constrained,4800,131,5,136,1.0
llm_constrained,4825,131,5,136,1.0
llm_constrained,4850,131,5,136,1.0
llm_constrained,4875,131,5,136,1.0
llm_constrained,4900,131,5,136,1.0
llm_constrained,4925,131,5,136,1.0
llm_constrained,4950,131,5,136,1.0
llm_constrained,4975,131,5,136,1.0
llm_constrained,5000,131,5,136,1.0
llm_constrained,5025,131,5,136,1.0
llm_constrained,5050,131,5,136,1.0
llm_constrained,5075,131,5,136,1.0
llm_constrained,5100,131,5,136,1.0
llm_constrained,5125,131,5,136,1.0
llm_constrained,5150,131,5,136,1.0
llm_constrained,5175,131,5,136,1.0
llm_constrained,5200,131,5,136,1.0
llm_constrained,5225,131,5,136,1.0
llm_constrained,5250,131,5,136,1.0
llm_constrained,5275,131,5,136,1.0
llm_constrained,5300,131,5,136,1.0
llm_constrained,5325,131,5,136,1.0
llm_constrained,5350,131,5,136,1.0
llm_constrained,5375,131,5,136,1.0
llm_constrained,5400,131,5,136,1.0
llm_constrained,5425,131,5,136,1.0
llm_constrained,5450,131,5,136,1.0
llm_constrained,5475,131,5,136,1.0
llm_constrained,5500,131,5,136,1.0
llm_constrained,5525,131,5,136,1.0
llm_constrained,5550,131,5,136,1.0
llm_constrained,5575,131,5,136,1.0
llm_constrained,5600,131,5,136,1.0
llm_constrained,5625,131,5,136,1.0
llm_constrained,5650,131,5,136,1.0
llm_constrained,5675,131,5,136,1.0
llm_constrained,5700,131,5,136,1.0
llm_constrained,5725,131,5,136,1.0
llm_constrained,5750,131,5,136,1.0
llm_constrained,5775,131,5,136,1.0
llm_constrained,5800,131,5,136,1.0
llm_constrained,5825,131,5,136,1.0
llm_constrained,5850,131,5,136,1.0
llm_constrained,5875,131,5,136,1.0
llm_constrained,5900,131,5,136,1.0
llm_constrained,5925,131,5,136,1.0
llm_constrained,5950,131,5,136,1.0
llm_constrained,5975,131,5,136,1.0
llm_constrained,6000,0,0,0,0.0
llm_constrained,6025,0,0,0,0.0
llm_constrained,6050,0,0,0,0.0
llm_constrained,6075,0,0,0,0.0
llm_constrained,6100,0,0,0,0.0
llm_constrained,6125,0,0,0,0.0
llm_constrained,6150,0,0,0,0.0
llm_constrained,6175,0,0,0,0.0
llm_constrained,6200,0,0,0,0.0
llm_constrained,6225,0,0,0,0.0
llm_constrained,6250,0,0,0,0.0
llm_constrained,6275,0,0,0,0.0
llm_constrained,6300,0,0,0,0.0
llm_constrained,6325,0,0,0,0.0
llm_constrained,6350,0,0,0,0.0
llm_constrained,6375,0,0,0,0.0
llm_constrained,6400,0,0,0,0.0
llm_constrained,6425,0,0,0,0.0
llm_constrained,6450,0,0,0,0.0
llm_constrained,6475,0,0,0,0.0
llm_constrained,6500,0,0,0,0.0
llm_constrained,6525,0,0,0,0.0
llm_constrained,6550,0,0,0,0.0
llm_constrained,6575,0,0,0,0.0
llm_constrained,6600,0,0,0,0.0
llm_constrained,6625,0,0,0,0.0
llm_constrained,6650,0,0,0,0.0
llm_constrained,6675,0,0,0,0.0
llm_constrained,6700,0,0,0,0.0
llm_constrained,6725,0,0,0,0.0
llm_constrained,6750,0,0,0,0.0
llm_constrained,6775,0,0,0,0.0
llm_constrained,6800,0,0,0,0.0
llm_constrained,6825,0,0,0,0.0
llm_constrained,6850,0,0,0,0.0
llm_constrained,6875,0,0,0,0.0
llm_constrained,6900,0,0,0,0.0
llm_constrained,6925,0,0,0,0.0
llm_constrained,6950,0,0,0,0.0
llm_constrained,6975,0,0,0,0.0
llm_constrained,7000,0,0,0,0.0
llm_constrained,7025,0,0,0,0.0
llm_constrained,7050,0,0,0,0.0
llm_constrained,7075,0,0,0,0.0
llm_constrained,7100,0,0,0,0.0
llm_constrained,7125,0,0,0,0.0
llm_constrained,7150,0,0,0,0.0
llm_constrained,7175,0,0,0,0.0
llm_constrained,7200,0,0,0,0.0
llm_constrained,7225,0,0,0,0.0
llm_constrained,7250,0,0,0,0.0
llm_constrained,7275,0,0,0,0.0
llm_constrained,7300,0,0,0,0.0
llm_constrained,7325,0,0,0,0.0
llm_constrained,7350,0,0,0,0.0
llm_constrained,7375,0,0,0,0.0
llm_constrained,7400,0,0,0,0.0
llm_constrained,7425,0,0,0,0.0
llm_constrained,7450,0,0,0,0.0
llm_constrained,7475,0,0,0,0.0
llm_constrained,7500,0,0,0,0.0
llm_constrained,7525,0,0,0,0.0
llm_constrained,7550,0,0,0,0.0
llm_constrained,7575,0,0,0,0.0
llm_constrained,7600,0,0,0,0.0
llm_constrained,7625,0,0,0,0.0
llm_constrained,7650,0,0,0,0.0
llm_constrained,7675,0,0,0,0.0
llm_constrained,7700,0,0,0,0.0
llm_constrained,7725,0,0,0,0.0
llm_constrained,7750,0,0,0,0.0
llm_constrained,7775,0,0,0,0.0
llm_constrained,7800,0,0,0,0.0
llm_constrained,7825,0,0,0,0.0
llm_constrained,7850,0,0,0,0.0
llm_constrained,7875,0,0,0,0.0
llm_constrained,7900,0,0,0,0.0
llm_constrained,7925,0,0,0,0.0
llm_constrained,7950,0,0,0,0.0
llm_constrained,7975,0,0,0,0.0
llm_constrained,8000,0,0,0,0.0
llm_constrained,8025,0,0,0,0.0
llm_constrained,8050,0,0,0,0.0
llm_constrained,8075,0,0,0,0.0
llm_constrained,8100,0,0,0,0.0
llm_constrained,8125,0,0,0,0.0
llm_constrained,8150,0,0,0,0.0
llm_constrained,8175,0,0,0,0.0
llm_constrained,8200,0,0,0,0.0
llm_constrained,8225,0,0,0,0.0
llm_constrained,8250,0,0,0,0.0
llm_constrained,8275,0,0,0,0.0
llm_constrained,8300,0,0,0,0.0
llm_constrained,8325,0,0,0,0.0
llm_constrained,8350,0,0,0,0.0
llm_constrained,8375,0,0,0,0.0
llm_constrained,8400,0,0,0,0.0
llm_constrained,8425,0,0,0,0.0
llm_constrained,8450,0,0,0,0.0
llm_constrained,8475,0,0,0,0.0
llm_constrained,8500,0,0,0,0.0
llm_constrained,8525,0,0,0,0.0
llm_constrained,8550,0,0,0,0.0
llm_constrained,8575,0,0,0,0.0
llm_constrained,8600,0,0,0,0.0
llm_constrained,8625,0,0,0,0.0
llm_constrained,8650,0,0,0,0.0
llm_constrained,8675,0,0,0,0.0
llm_constrained,8700,0,0,0,0.0
llm_constrained,8725,0,0,0,0.0
llm_constrained,8750,0,0,0,0.0
llm_constrained,8775,0,0,0,0.0
llm_constrained,8800,0,0,0,0.0
llm_constrained,8825,0,0,0,0.0
llm_constrained,8850,0,0,0,0.0
llm_constrained,8875,0,0,0,0.0
llm_constrained,8900,0,0,0,0.0
llm_constrained,8925,0,0,0,0.0
llm_constrained,8950,0,0,0,0.0
llm_constrained,8975,0,0,0,0.0
llm_constrained,9000,0,0,0,0.0
llm_constrained,9025,0,0,0,0.0
llm_constrained,9050,0,0,0,0.0
llm_constrained,9075,0,0,0,0.0
llm_constrained,9100,0,0,0,0.0
llm_constrained,9125,0,0,0,0.0
llm_constrained,9150,0,0,0,0.0
llm_constrained,9175,0,0,0,0.0
llm_constrained,9200,0,0,0,0.0
llm_constrained,9225,0,0,0,0.0
llm_constrained,9250,0,0,0,0.0
llm_constrained,9275,0,0,0,0.0
llm_constrained,9300,0,0,0,0.0
llm_constrained,9325,0,0,0,0.0
llm_constrained,9350,0,0,0,0.0
llm_constrained,9375,0,0,0,0.0
llm_constrained,9400,0,0,0,0.0
llm_constrained,9425,0,0,0,0.0
llm_constrained,9450,0,0,0,0.0
llm_constrained,9475,0,0,0,0.0
llm_constrained,9500,0,0,0,0.0
llm_constrained,9525,0,0,0,0.0
llm_constrained,9550,0,0,0,0.0
llm_constrained,9575,0,0,0,0.0
llm_constrained,9600,0,0,0,0.0
llm_constrained,9625,0,0,0,0.0
llm_constrained,9650,0,0,0,0.0
llm_constrained,9675,0,0,0,0.0
llm_constrained,9700,0,0,0,0.0
llm_constrained,9725,0,0,0,0.0
llm_constrained,9750,0,0,0,0.0
llm_constrained,9775,0,0,0,0.0
llm_constrained,9800,0,0,0,0.0
llm_constrained,9825,0,0,0,0.0
llm_constrained,9850,0,0,0,0.0
llm_constrained,9875,0,0,0,0.0
llm_constrained,9900,0,0,0,0.0
llm_constrained,9925,0,0,0,0.0
llm_constrained,9950,0,0,0,0.0
llm_constrained,9975,0,0,0,0.0
llm_constrained,10000,0,0,0,0.0
